resource_id,page_name,label,message
13974,Describe-W, ,
13975,Describe-W,,
13976,Describe-W,,
13977,Describe-W,,
13978,Describe-W,,
13979,Describe-W,,
13980,Describe-W,,
13981,Describe-W,,
13982,Describe-W,DESCRIBE,
13983,Describe-W,,
14024,Describe-W,DESCRIBE//A -  Z,
13985,Describe-W,,
13986,Describe-W,,
13988,Describe-W,warm,warm
13989,Describe-W,well,well
13987,Describe-W,weak,weak
13990,Describe-W,wet,wet
13991,Describe-W,,
13992,Describe-W,,
13993,Describe-W,,
13994,Describe-W,,
13995,Describe-W,,
13996,Describe-W,,
13998,Describe-W,wicked,wicked
13999,Describe-W,wide,wide
14000,Describe-W,wild,wild
14008,Describe-W,windy,windy
14001,Describe-W,,
14002,Describe-W,,
14003,Describe-W,,
14004,Describe-W,,
14005,Describe-W,,
14006,Describe-W,,
25968,Describe-W,wise,wise
25969,Describe-W,witty,witty
14009,Describe-W,wonderful,wonderful
14010,Describe-W,worried,worried
14011,Describe-W,,
14012,Describe-W,,
14013,Describe-W,,
14014,Describe-W,,
14015,Describe-W,,
14016,Describe-W,,
14017,Describe-W,,
14018,Describe-W,worse,worse
14019,Describe-W,worst,worst
14020,Describe-W,wrong,wrong
14021,Describe-W,,
14022,Describe-W,,
14023,Describe-W,,
13984,Describe-W,,
14025,Describe-W,,
14026,Describe-W,,
14027,Describe-W,,
14028,Describe-W,,
14029,Describe-W,,
14030,Describe-W,,
14031,Describe-W,,
14032,Describe-W,,
14033,Describe-W,,
